timeDuration;nMovements;movementsDifficulty;AItechnique;robotSpeech;acrobaticMovements;movementsRepetition;musicGenre;movementsTransitionsDuration;humanMovements;balance;speed;bodyPartsCombination;musicBPM;sameStartEndPositionPlace;headMovement;armsMovement;handsMovement;legsMovement;feetMovement;EvaluationChoreographyStoryTelling;EvaluationChoreographyRhythm;EvaluationChoreographyMovementTechnique;EvaluationPublicInvolvement;EvaluationChoreographySpace;EvaluationChoreographyHumanCharacterization;EvaluationHumanReproducibility
61;11;2;searchStartegy;1;0;1;Electronic;2;3;3;1;2;127;0;2;3;2;2;1;3;2;4;4;5;3;5
61;11;2;searchStartegy;1;0;1;Electronic;2;3;3;1;2;127;0;2;3;2;2;1;3;2;2;3;1;1;3
61;11;2;searchStartegy;1;0;1;Electronic;2;3;3;1;2;127;0;2;3;2;2;1;4;4;3;3;4;3;5
61;11;2;searchStartegy;1;0;1;Electronic;2;3;3;1;2;127;0;2;3;2;2;1;4;4;4;4;2;3;4
61;11;2;searchStartegy;1;0;1;Electronic;2;3;3;1;2;127;0;2;3;2;2;1;2;4;4;3;2;4;5
61;11;2;searchStartegy;1;0;1;Electronic;2;3;3;1;2;127;0;2;3;2;2;1;4;4;4;3;4;3;3
61;11;2;searchStartegy;1;0;1;Electronic;2;3;3;1;2;127;0;2;3;2;2;1;2;2;1;4;2;2;4
61;11;2;searchStartegy;1;0;1;Electronic;2;3;3;1;2;127;0;2;3;2;2;1;4;5;4;5;5;4;5
61;11;2;searchStartegy;1;0;1;Electronic;2;3;3;1;2;127;0;2;3;2;2;1;2;5;4;4;2;3;4
61;11;2;searchStartegy;1;0;1;Electronic;2;3;3;1;2;127;0;2;3;2;2;1;2;2;2;2;4;1;4
61;11;2;searchStartegy;1;0;1;Electronic;2;3;3;1;2;127;0;2;3;2;2;1;4;3;3;2;2;2;3
61;11;2;searchStartegy;1;0;1;Electronic;2;3;3;1;2;127;0;2;3;2;2;1;2;2;3;2;3;2;1
61;11;2;searchStartegy;1;0;1;Electronic;2;3;3;1;2;127;0;2;3;2;2;1;4;5;2;4;3;1;4
61;11;2;searchStartegy;1;0;1;Electronic;2;3;3;1;2;127;0;2;3;2;2;1;5;4;5;4;4;4;5
61;11;2;searchStartegy;1;0;1;Electronic;2;3;3;1;2;127;0;2;3;2;2;1;4;3;5;5;2;3;5
61;11;2;searchStartegy;1;0;1;Electronic;2;3;3;1;2;127;0;2;3;2;2;1;3;4;2;2;3;2;5
61;11;2;searchStartegy;1;0;1;Electronic;2;3;3;1;2;127;0;2;3;2;2;1;5;4;4;5;5;4;5
61;11;2;searchStartegy;1;0;1;Electronic;2;3;3;1;2;127;0;2;3;2;2;1;3;5;4;2;2;4;5
61;11;2;searchStartegy;1;0;1;Electronic;2;3;3;1;2;127;0;2;3;2;2;1;4;5;5;4;3;3;5
61;11;2;searchStartegy;1;0;1;Electronic;2;3;3;1;2;127;0;2;3;2;2;1;4;4;4;4;3;3;4
61;11;2;searchStartegy;1;0;1;Electronic;2;3;3;1;2;127;0;2;3;2;2;1;1;4;3;1;4;2;5
61;11;2;searchStartegy;1;0;1;Electronic;2;3;3;1;2;127;0;2;3;2;2;1;2;4;2;2;4;1;4
61;11;2;searchStartegy;1;0;1;Electronic;2;3;3;1;2;127;0;2;3;2;2;1;2;2;2;3;3;2;4
61;11;2;searchStartegy;1;0;1;Electronic;2;3;3;1;2;127;0;2;3;2;2;1;3;4;2;4;4;3;4
61;11;2;searchStartegy;1;0;1;Electronic;2;3;3;1;2;127;0;2;3;2;2;1;3;4;2;2;3;1;4
61;11;2;searchStartegy;1;0;1;Electronic;2;3;3;1;2;127;0;2;3;2;2;1;5;3;4;4;5;2;5
61;11;2;searchStartegy;1;0;1;Electronic;2;3;3;1;2;127;0;2;3;2;2;1;2;4;4;4;2;3;4
61;11;2;searchStartegy;1;0;1;Electronic;2;3;3;1;2;127;0;2;3;2;2;1;4;4;3;4;2;3;5
61;11;2;searchStartegy;1;0;1;Electronic;2;3;3;1;2;127;0;2;3;2;2;1;1;2;5;1;5;2;5
61;11;2;searchStartegy;1;0;1;Electronic;2;3;3;1;2;127;0;2;3;2;2;1;3;4;4;2;2;1;3
61;11;2;searchStartegy;1;0;1;Electronic;2;3;3;1;2;127;0;2;3;2;2;1;3;4;3;4;4;3;5
56;6;2;planning;0;0;3;Rap;3;2;3;1;1;136;1;1;2;2;2;1;3;4;5;4;4;3;5
56;6;2;planning;0;0;3;Rap;3;2;3;1;1;136;1;1;2;2;2;1;3;1;2;2;2;1;2
56;6;2;planning;0;0;3;Rap;3;2;3;1;1;136;1;1;2;2;2;1;4;4;4;3;4;4;5
56;6;2;planning;0;0;3;Rap;3;2;3;1;1;136;1;1;2;2;2;1;4;3;3;2;2;3;4
56;6;2;planning;0;0;3;Rap;3;2;3;1;1;136;1;1;2;2;2;1;2;3;4;3;2;3;5
56;6;2;planning;0;0;3;Rap;3;2;3;1;1;136;1;1;2;2;2;1;4;4;4;2;3;3;3
56;6;2;planning;0;0;3;Rap;3;2;3;1;1;136;1;1;2;2;2;1;1;1;2;4;2;1;5
56;6;2;planning;0;0;3;Rap;3;2;3;1;1;136;1;1;2;2;2;1;2;2;2;4;2;2;5
56;6;2;planning;0;0;3;Rap;3;2;3;1;1;136;1;1;2;2;2;1;4;4;3;2;4;2;4
56;6;2;planning;0;0;3;Rap;3;2;3;1;1;136;1;1;2;2;2;1;4;4;1;1;4;3;5
56;6;2;planning;0;0;3;Rap;3;2;3;1;1;136;1;1;2;2;2;1;2;2;2;2;2;2;4
56;6;2;planning;0;0;3;Rap;3;2;3;1;1;136;1;1;2;2;2;1;3;2;1;2;3;2;1
56;6;2;planning;0;0;3;Rap;3;2;3;1;1;136;1;1;2;2;2;1;4;2;1;2;1;2;5
56;6;2;planning;0;0;3;Rap;3;2;3;1;1;136;1;1;2;2;2;1;5;4;2;2;3;4;5
56;6;2;planning;0;0;3;Rap;3;2;3;1;1;136;1;1;2;2;2;1;3;4;4;4;4;5;5
56;6;2;planning;0;0;3;Rap;3;2;3;1;1;136;1;1;2;2;2;1;4;3;3;4;3;1;4
56;6;2;planning;0;0;3;Rap;3;2;3;1;1;136;1;1;2;2;2;1;2;4;4;2;1;4;5
56;6;2;planning;0;0;3;Rap;3;2;3;1;1;136;1;1;2;2;2;1;4;3;2;2;2;3;5
56;6;2;planning;0;0;3;Rap;3;2;3;1;1;136;1;1;2;2;2;1;4;3;4;3;4;5;5
56;6;2;planning;0;0;3;Rap;3;2;3;1;1;136;1;1;2;2;2;1;4;4;4;5;3;3;5
56;6;2;planning;0;0;3;Rap;3;2;3;1;1;136;1;1;2;2;2;1;4;4;1;1;1;1;5
56;6;2;planning;0;0;3;Rap;3;2;3;1;1;136;1;1;2;2;2;1;2;4;4;4;4;3;4
56;6;2;planning;0;0;3;Rap;3;2;3;1;1;136;1;1;2;2;2;1;2;2;2;1;1;2;4
56;6;2;planning;0;0;3;Rap;3;2;3;1;1;136;1;1;2;2;2;1;4;4;3;4;4;3;4
56;6;2;planning;0;0;3;Rap;3;2;3;1;1;136;1;1;2;2;2;1;4;2;2;1;3;1;4
56;6;2;planning;0;0;3;Rap;3;2;3;1;1;136;1;1;2;2;2;1;5;2;4;4;4;2;5
56;6;2;planning;0;0;3;Rap;3;2;3;1;1;136;1;1;2;2;2;1;4;4;2;4;1;4;4
56;6;2;planning;0;0;3;Rap;3;2;3;1;1;136;1;1;2;2;2;1;3;3;4;3;2;4;5
56;6;2;planning;0;0;3;Rap;3;2;3;1;1;136;1;1;2;2;2;1;4;2;2;3;4;2;5
56;6;2;planning;0;0;3;Rap;3;2;3;1;1;136;1;1;2;2;2;1;3;2;2;1;2;1;4
56;6;2;planning;0;0;3;Rap;3;2;3;1;1;136;1;1;2;2;2;1;4;4;3;3;3;4;4
56;9;1;searchStartegy;1;0;2;Rock;2;3;3;2;1;156;1;3;2;2;2;2;3;2;5;3;3;3;5
56;9;1;searchStartegy;1;0;2;Rock;2;3;3;2;1;156;1;3;2;2;2;2;2;2;2;2;2;1;2
56;9;1;searchStartegy;1;0;2;Rock;2;3;3;2;1;156;1;3;2;2;2;2;5;4;4;5;5;5;5
56;9;1;searchStartegy;1;0;2;Rock;2;3;3;2;1;156;1;3;2;2;2;2;4;4;3;3;2;3;4
56;9;1;searchStartegy;1;0;2;Rock;2;3;3;2;1;156;1;3;2;2;2;2;2;1;1;2;1;4;4
56;9;1;searchStartegy;1;0;2;Rock;2;3;3;2;1;156;1;3;2;2;2;2;3;2;4;2;3;3;4
56;9;1;searchStartegy;1;0;2;Rock;2;3;3;2;1;156;1;3;2;2;2;2;1;1;1;3;1;1;5
56;9;1;searchStartegy;1;0;2;Rock;2;3;3;2;1;156;1;3;2;2;2;2;4;2;3;2;4;2;4
56;9;1;searchStartegy;1;0;2;Rock;2;3;3;2;1;156;1;3;2;2;2;2;2;3;2;2;2;2;4
56;9;1;searchStartegy;1;0;2;Rock;2;3;3;2;1;156;1;3;2;2;2;2;2;2;2;2;4;2;5
56;9;1;searchStartegy;1;0;2;Rock;2;3;3;2;1;156;1;3;2;2;2;2;4;4;4;3;4;4;4
56;9;1;searchStartegy;1;0;2;Rock;2;3;3;2;1;156;1;3;2;2;2;2;2;3;2;1;2;3;4
56;9;1;searchStartegy;1;0;2;Rock;2;3;3;2;1;156;1;3;2;2;2;2;2;2;3;3;3;2;5
56;9;1;searchStartegy;1;0;2;Rock;2;3;3;2;1;156;1;3;2;2;2;2;2;1;3;2;2;3;5
56;9;1;searchStartegy;1;0;2;Rock;2;3;3;2;1;156;1;3;2;2;2;2;1;1;5;3;2;5;5
56;9;1;searchStartegy;1;0;2;Rock;2;3;3;2;1;156;1;3;2;2;2;2;3;1;4;2;3;1;5
56;9;1;searchStartegy;1;0;2;Rock;2;3;3;2;1;156;1;3;2;2;2;2;1;1;1;1;1;1;5
56;9;1;searchStartegy;1;0;2;Rock;2;3;3;2;1;156;1;3;2;2;2;2;2;1;3;1;2;3;5
56;9;1;searchStartegy;1;0;2;Rock;2;3;3;2;1;156;1;3;2;2;2;2;3;2;3;3;4;5;4
56;9;1;searchStartegy;1;0;2;Rock;2;3;3;2;1;156;1;3;2;2;2;2;3;4;4;4;3;4;4
56;9;1;searchStartegy;1;0;2;Rock;2;3;3;2;1;156;1;3;2;2;2;2;1;5;5;4;1;4;5
56;9;1;searchStartegy;1;0;2;Rock;2;3;3;2;1;156;1;3;2;2;2;2;2;3;4;3;2;2;5
56;9;1;searchStartegy;1;0;2;Rock;2;3;3;2;1;156;1;3;2;2;2;2;2;2;2;2;2;2;4
56;9;1;searchStartegy;1;0;2;Rock;2;3;3;2;1;156;1;3;2;2;2;2;3;2;2;2;3;2;4
56;9;1;searchStartegy;1;0;2;Rock;2;3;3;2;1;156;1;3;2;2;2;2;3;4;2;2;3;1;4
56;9;1;searchStartegy;1;0;2;Rock;2;3;3;2;1;156;1;3;2;2;2;2;5;4;4;5;4;3;5
56;9;1;searchStartegy;1;0;2;Rock;2;3;3;2;1;156;1;3;2;2;2;2;2;2;4;4;1;3;4
56;9;1;searchStartegy;1;0;2;Rock;2;3;3;2;1;156;1;3;2;2;2;2;4;4;4;4;3;4;5
56;9;1;searchStartegy;1;0;2;Rock;2;3;3;2;1;156;1;3;2;2;2;2;1;1;4;1;5;2;5
56;9;1;searchStartegy;1;0;2;Rock;2;3;3;2;1;156;1;3;2;2;2;2;4;4;4;2;2;2;4
56;9;1;searchStartegy;1;0;2;Rock;2;3;3;2;1;156;1;3;2;2;2;2;4;4;4;4;4;3;4
61;8;1;planning;0;0;3;Folk;3;2;1;1;1;114;0;1;3;2;3;1;3;2;5;3;3;4;4
61;8;1;planning;0;0;3;Folk;3;2;1;1;1;114;0;1;3;2;3;1;3;2;3;2;2;3;2
61;8;1;planning;0;0;3;Folk;3;2;1;1;1;114;0;1;3;2;3;1;5;5;5;5;5;5;5
61;8;1;planning;0;0;3;Folk;3;2;1;1;1;114;0;1;3;2;3;1;4;4;3;4;3;3;4
61;8;1;planning;0;0;3;Folk;3;2;1;1;1;114;0;1;3;2;3;1;1;1;1;2;1;1;3
61;8;1;planning;0;0;3;Folk;3;2;1;1;1;114;0;1;3;2;3;1;4;4;4;4;4;4;4
61;8;1;planning;0;0;3;Folk;3;2;1;1;1;114;0;1;3;2;3;1;1;1;1;2;1;1;5
61;8;1;planning;0;0;3;Folk;3;2;1;1;1;114;0;1;3;2;3;1;3;4;4;1;4;2;4
61;8;1;planning;0;0;3;Folk;3;2;1;1;1;114;0;1;3;2;3;1;4;4;3;3;3;2;4
61;8;1;planning;0;0;3;Folk;3;2;1;1;1;114;0;1;3;2;3;1;4;4;4;2;4;4;4
61;8;1;planning;0;0;3;Folk;3;2;1;1;1;114;0;1;3;2;3;1;2;2;2;2;2;2;4
61;8;1;planning;0;0;3;Folk;3;2;1;1;1;114;0;1;3;2;3;1;3;2;2;3;2;2;2
61;8;1;planning;0;0;3;Folk;3;2;1;1;1;114;0;1;3;2;3;1;3;2;2;1;3;2;5
61;8;1;planning;0;0;3;Folk;3;2;1;1;1;114;0;1;3;2;3;1;3;2;2;2;1;2;4
61;8;1;planning;0;0;3;Folk;3;2;1;1;1;114;0;1;3;2;3;1;1;1;4;2;2;3;5
61;8;1;planning;0;0;3;Folk;3;2;1;1;1;114;0;1;3;2;3;1;3;4;4;2;3;1;5
61;8;1;planning;0;0;3;Folk;3;2;1;1;1;114;0;1;3;2;3;1;4;4;4;3;2;4;5
61;8;1;planning;0;0;3;Folk;3;2;1;1;1;114;0;1;3;2;3;1;5;5;4;3;2;3;5
61;8;1;planning;0;0;3;Folk;3;2;1;1;1;114;0;1;3;2;3;1;5;5;4;5;4;4;5
61;8;1;planning;0;0;3;Folk;3;2;1;1;1;114;0;1;3;2;3;1;5;5;3;3;4;3;4
61;8;1;planning;0;0;3;Folk;3;2;1;1;1;114;0;1;3;2;3;1;1;4;2;1;1;1;5
61;8;1;planning;0;0;3;Folk;3;2;1;1;1;114;0;1;3;2;3;1;1;1;1;1;1;1;5
61;8;1;planning;0;0;3;Folk;3;2;1;1;1;114;0;1;3;2;3;1;2;2;2;2;2;2;5
61;8;1;planning;0;0;3;Folk;3;2;1;1;1;114;0;1;3;2;3;1;4;4;4;4;4;4;4
61;8;1;planning;0;0;3;Folk;3;2;1;1;1;114;0;1;3;2;3;1;3;3;2;2;2;1;4
61;8;1;planning;0;0;3;Folk;3;2;1;1;1;114;0;1;3;2;3;1;5;4;4;4;5;2;4
61;8;1;planning;0;0;3;Folk;3;2;1;1;1;114;0;1;3;2;3;1;5;3;4;3;2;4;4
61;8;1;planning;0;0;3;Folk;3;2;1;1;1;114;0;1;3;2;3;1;4;3;4;3;3;4;5
61;8;1;planning;0;0;3;Folk;3;2;1;1;1;114;0;1;3;2;3;1;4;3;4;4;4;4;5
61;8;1;planning;0;0;3;Folk;3;2;1;1;1;114;0;1;3;2;3;1;4;4;4;2;2;2;4
61;8;1;planning;0;0;3;Folk;3;2;1;1;1;114;0;1;3;2;3;1;2;2;3;3;2;2;4
74;8;3;constraints;0;1;2;Indie;2;2;1;1;1;152;0;3;3;1;2;1;4;4;5;4;4;5;5
74;8;3;constraints;0;1;2;Indie;2;2;1;1;1;152;0;3;3;1;2;1;4;4;4;4;2;3;3
74;8;3;constraints;0;1;2;Indie;2;2;1;1;1;152;0;3;3;1;2;1;4;4;5;4;5;4;4
74;8;3;constraints;0;1;2;Indie;2;2;1;1;1;152;0;3;3;1;2;1;4;4;4;4;4;4;4
74;8;3;constraints;0;1;2;Indie;2;2;1;1;1;152;0;3;3;1;2;1;2;4;3;2;1;3;3
74;8;3;constraints;0;1;2;Indie;2;2;1;1;1;152;0;3;3;1;2;1;2;3;4;3;4;3;3
74;8;3;constraints;0;1;2;Indie;2;2;1;1;1;152;0;3;3;1;2;1;1;4;1;4;2;1;1
74;8;3;constraints;0;1;2;Indie;2;2;1;1;1;152;0;3;3;1;2;1;5;4;4;2;2;5;5
74;8;3;constraints;0;1;2;Indie;2;2;1;1;1;152;0;3;3;1;2;1;4;5;4;4;2;5;5
74;8;3;constraints;0;1;2;Indie;2;2;1;1;1;152;0;3;3;1;2;1;5;5;4;4;4;5;5
74;8;3;constraints;0;1;2;Indie;2;2;1;1;1;152;0;3;3;1;2;1;4;4;4;3;4;4;4
74;8;3;constraints;0;1;2;Indie;2;2;1;1;1;152;0;3;3;1;2;1;3;4;3;4;2;4;4
74;8;3;constraints;0;1;2;Indie;2;2;1;1;1;152;0;3;3;1;2;1;4;5;4;5;4;3;3
74;8;3;constraints;0;1;2;Indie;2;2;1;1;1;152;0;3;3;1;2;1;4;3;4;4;3;3;3
74;8;3;constraints;0;1;2;Indie;2;2;1;1;1;152;0;3;3;1;2;1;3;5;5;5;4;5;5
74;8;3;constraints;0;1;2;Indie;2;2;1;1;1;152;0;3;3;1;2;1;4;4;4;3;3;1;1
74;8;3;constraints;0;1;2;Indie;2;2;1;1;1;152;0;3;3;1;2;1;5;5;5;5;5;5;5
74;8;3;constraints;0;1;2;Indie;2;2;1;1;1;152;0;3;3;1;2;1;5;5;5;3;3;5;5
74;8;3;constraints;0;1;2;Indie;2;2;1;1;1;152;0;3;3;1;2;1;5;5;5;4;5;4;4
74;8;3;constraints;0;1;2;Indie;2;2;1;1;1;152;0;3;3;1;2;1;4;4;4;3;3;3;3
74;8;3;constraints;0;1;2;Indie;2;2;1;1;1;152;0;3;3;1;2;1;1;2;1;1;2;2;2
74;8;3;constraints;0;1;2;Indie;2;2;1;1;1;152;0;3;3;1;2;1;4;4;4;5;3;4;4
74;8;3;constraints;0;1;2;Indie;2;2;1;1;1;152;0;3;3;1;2;1;4;4;3;3;3;3;3
74;8;3;constraints;0;1;2;Indie;2;2;1;1;1;152;0;3;3;1;2;1;4;4;3;3;4;3;3
74;8;3;constraints;0;1;2;Indie;2;2;1;1;1;152;0;3;3;1;2;1;3;4;3;2;3;1;1
74;8;3;constraints;0;1;2;Indie;2;2;1;1;1;152;0;3;3;1;2;1;5;5;4;4;5;4;4
74;8;3;constraints;0;1;2;Indie;2;2;1;1;1;152;0;3;3;1;2;1;4;4;4;4;4;4;4
74;8;3;constraints;0;1;2;Indie;2;2;1;1;1;152;0;3;3;1;2;1;4;4;4;4;4;4;4
74;8;3;constraints;0;1;2;Indie;2;2;1;1;1;152;0;3;3;1;2;1;3;3;1;4;4;4;4
74;8;3;constraints;0;1;2;Indie;2;2;1;1;1;152;0;3;3;1;2;1;4;4;4;2;2;2;2
74;8;3;constraints;0;1;2;Indie;2;2;1;1;1;152;0;3;3;1;2;1;4;5;4;4;4;4;4
61;7;2;searchStartegy;1;1;3;Pop;1;2;2;3;2;98;0;3;3;1;3;1;4;4;4;5;4;5;5
61;7;2;searchStartegy;1;1;3;Pop;1;2;2;3;2;98;0;3;3;1;3;1;2;3;3;2;2;2;3
61;7;2;searchStartegy;1;1;3;Pop;1;2;2;3;2;98;0;3;3;1;3;1;4;4;5;4;4;4;5
61;7;2;searchStartegy;1;1;3;Pop;1;2;2;3;2;98;0;3;3;1;3;1;4;4;4;4;4;4;4
61;7;2;searchStartegy;1;1;3;Pop;1;2;2;3;2;98;0;3;3;1;3;1;1;4;2;2;1;2;2
61;7;2;searchStartegy;1;1;3;Pop;1;2;2;3;2;98;0;3;3;1;3;1;4;4;4;4;4;4;4
61;7;2;searchStartegy;1;1;3;Pop;1;2;2;3;2;98;0;3;3;1;3;1;1;2;1;2;2;1;4
61;7;2;searchStartegy;1;1;3;Pop;1;2;2;3;2;98;0;3;3;1;3;1;5;5;4;4;2;4;5
61;7;2;searchStartegy;1;1;3;Pop;1;2;2;3;2;98;0;3;3;1;3;1;2;4;2;4;2;4;2
61;7;2;searchStartegy;1;1;3;Pop;1;2;2;3;2;98;0;3;3;1;3;1;4;4;4;2;4;4;4
61;7;2;searchStartegy;1;1;3;Pop;1;2;2;3;2;98;0;3;3;1;3;1;4;4;4;3;4;4;4
61;7;2;searchStartegy;1;1;3;Pop;1;2;2;3;2;98;0;3;3;1;3;1;3;2;2;2;2;3;3
61;7;2;searchStartegy;1;1;3;Pop;1;2;2;3;2;98;0;3;3;1;3;1;4;4;3;3;3;2;5
61;7;2;searchStartegy;1;1;3;Pop;1;2;2;3;2;98;0;3;3;1;3;1;4;5;4;4;3;4;4
61;7;2;searchStartegy;1;1;3;Pop;1;2;2;3;2;98;0;3;3;1;3;1;1;4;5;3;2;2;5
61;7;2;searchStartegy;1;1;3;Pop;1;2;2;3;2;98;0;3;3;1;3;1;4;4;3;4;3;1;5
61;7;2;searchStartegy;1;1;3;Pop;1;2;2;3;2;98;0;3;3;1;3;1;2;4;2;4;2;4;5
61;7;2;searchStartegy;1;1;3;Pop;1;2;2;3;2;98;0;3;3;1;3;1;4;4;3;3;3;2;5
61;7;2;searchStartegy;1;1;3;Pop;1;2;2;3;2;98;0;3;3;1;3;1;3;5;4;5;4;2;3
61;7;2;searchStartegy;1;1;3;Pop;1;2;2;3;2;98;0;3;3;1;3;1;5;5;5;5;5;3;4
61;7;2;searchStartegy;1;1;3;Pop;1;2;2;3;2;98;0;3;3;1;3;1;1;4;5;4;4;4;5
61;7;2;searchStartegy;1;1;3;Pop;1;2;2;3;2;98;0;3;3;1;3;1;2;3;2;2;2;3;4
61;7;2;searchStartegy;1;1;3;Pop;1;2;2;3;2;98;0;3;3;1;3;1;4;4;4;3;3;4;3
61;7;2;searchStartegy;1;1;3;Pop;1;2;2;3;2;98;0;3;3;1;3;1;2;2;2;2;3;2;4
61;7;2;searchStartegy;1;1;3;Pop;1;2;2;3;2;98;0;3;3;1;3;1;3;4;4;3;3;3;4
61;7;2;searchStartegy;1;1;3;Pop;1;2;2;3;2;98;0;3;3;1;3;1;5;5;5;5;5;5;2
61;7;2;searchStartegy;1;1;3;Pop;1;2;2;3;2;98;0;3;3;1;3;1;4;4;4;3;4;4;4
61;7;2;searchStartegy;1;1;3;Pop;1;2;2;3;2;98;0;3;3;1;3;1;5;5;4;4;4;3;5
61;7;2;searchStartegy;1;1;3;Pop;1;2;2;3;2;98;0;3;3;1;3;1;2;3;1;2;2;2;4
61;7;2;searchStartegy;1;1;3;Pop;1;2;2;3;2;98;0;3;3;1;3;1;4;4;2;3;2;3;5
61;7;2;searchStartegy;1;1;3;Pop;1;2;2;3;2;98;0;3;3;1;3;1;3;4;5;4;4;4;3
64;7;2;searchStartegy;1;1;3;Folk;2;3;2;1;2;134;1;1;3;1;3;1;5;4;4;5;5;4;5
64;7;2;searchStartegy;1;1;3;Folk;2;3;2;1;2;134;1;1;3;1;3;1;2;2;2;2;2;2;2
64;7;2;searchStartegy;1;1;3;Folk;2;3;2;1;2;134;1;1;3;1;3;1;4;4;5;4;4;4;4
64;7;2;searchStartegy;1;1;3;Folk;2;3;2;1;2;134;1;1;3;1;3;1;4;4;4;4;4;4;4
64;7;2;searchStartegy;1;1;3;Folk;2;3;2;1;2;134;1;1;3;1;3;1;1;3;1;2;1;3;4
64;7;2;searchStartegy;1;1;3;Folk;2;3;2;1;2;134;1;1;3;1;3;1;4;3;4;3;3;4;4
64;7;2;searchStartegy;1;1;3;Folk;2;3;2;1;2;134;1;1;3;1;3;1;1;4;1;4;2;1;4
64;7;2;searchStartegy;1;1;3;Folk;2;3;2;1;2;134;1;1;3;1;3;1;4;5;4;2;4;4;4
64;7;2;searchStartegy;1;1;3;Folk;2;3;2;1;2;134;1;1;3;1;3;1;4;4;2;5;3;4;4
64;7;2;searchStartegy;1;1;3;Folk;2;3;2;1;2;134;1;1;3;1;3;1;4;4;2;4;4;2;4
64;7;2;searchStartegy;1;1;3;Folk;2;3;2;1;2;134;1;1;3;1;3;1;4;4;4;3;4;4;4
64;7;2;searchStartegy;1;1;3;Folk;2;3;2;1;2;134;1;1;3;1;3;1;1;2;2;1;3;2;1
64;7;2;searchStartegy;1;1;3;Folk;2;3;2;1;2;134;1;1;3;1;3;1;2;2;2;2;1;1;5
64;7;2;searchStartegy;1;1;3;Folk;2;3;2;1;2;134;1;1;3;1;3;1;4;4;3;4;3;2;4
64;7;2;searchStartegy;1;1;3;Folk;2;3;2;1;2;134;1;1;3;1;3;1;4;1;4;3;4;3;5
64;7;2;searchStartegy;1;1;3;Folk;2;3;2;1;2;134;1;1;3;1;3;1;4;3;3;2;3;1;5
64;7;2;searchStartegy;1;1;3;Folk;2;3;2;1;2;134;1;1;3;1;3;1;5;5;2;5;2;4;5
64;7;2;searchStartegy;1;1;3;Folk;2;3;2;1;2;134;1;1;3;1;3;1;4;2;2;4;4;1;5
64;7;2;searchStartegy;1;1;3;Folk;2;3;2;1;2;134;1;1;3;1;3;1;5;3;4;5;5;5;4
64;7;2;searchStartegy;1;1;3;Folk;2;3;2;1;2;134;1;1;3;1;3;1;5;5;4;4;4;3;4
64;7;2;searchStartegy;1;1;3;Folk;2;3;2;1;2;134;1;1;3;1;3;1;4;5;5;5;5;4;5
64;7;2;searchStartegy;1;1;3;Folk;2;3;2;1;2;134;1;1;3;1;3;1;2;1;2;2;2;1;5
64;7;2;searchStartegy;1;1;3;Folk;2;3;2;1;2;134;1;1;3;1;3;1;4;2;2;2;2;2;4
64;7;2;searchStartegy;1;1;3;Folk;2;3;2;1;2;134;1;1;3;1;3;1;5;5;4;5;5;5;4
64;7;2;searchStartegy;1;1;3;Folk;2;3;2;1;2;134;1;1;3;1;3;1;3;4;3;2;3;2;4
64;7;2;searchStartegy;1;1;3;Folk;2;3;2;1;2;134;1;1;3;1;3;1;4;2;2;3;2;2;5
64;7;2;searchStartegy;1;1;3;Folk;2;3;2;1;2;134;1;1;3;1;3;1;4;4;3;4;4;4;4
64;7;2;searchStartegy;1;1;3;Folk;2;3;2;1;2;134;1;1;3;1;3;1;4;5;4;4;4;4;5
64;7;2;searchStartegy;1;1;3;Folk;2;3;2;1;2;134;1;1;3;1;3;1;5;5;3;3;3;2;4
64;7;2;searchStartegy;1;1;3;Folk;2;3;2;1;2;134;1;1;3;1;3;1;2;5;4;3;2;2;5
64;7;2;searchStartegy;1;1;3;Folk;2;3;2;1;2;134;1;1;3;1;3;1;4;4;4;3;4;4;3
62;12;2;searchStartegy;0;1;2;Pop;1;1;2;2;3;136;1;2;3;3;3;2;4;5;5;4;4;4;4
62;12;2;searchStartegy;0;1;2;Pop;1;1;2;2;3;136;1;2;3;3;3;2;2;2;2;2;2;1;2
62;12;2;searchStartegy;0;1;2;Pop;1;1;2;2;3;136;1;2;3;3;3;2;4;5;5;4;4;4;4
62;12;2;searchStartegy;0;1;2;Pop;1;1;2;2;3;136;1;2;3;3;3;2;4;4;3;4;4;4;4
62;12;2;searchStartegy;0;1;2;Pop;1;1;2;2;3;136;1;2;3;3;3;2;1;1;1;3;1;2;3
62;12;2;searchStartegy;0;1;2;Pop;1;1;2;2;3;136;1;2;3;3;3;2;3;2;2;2;2;2;4
62;12;2;searchStartegy;0;1;2;Pop;1;1;2;2;3;136;1;2;3;3;3;2;1;3;1;4;2;1;4
62;12;2;searchStartegy;0;1;2;Pop;1;1;2;2;3;136;1;2;3;3;3;2;4;4;4;2;4;4;4
62;12;2;searchStartegy;0;1;2;Pop;1;1;2;2;3;136;1;2;3;3;3;2;2;2;2;2;2;2;3
62;12;2;searchStartegy;0;1;2;Pop;1;1;2;2;3;136;1;2;3;3;3;2;4;4;4;4;4;4;2
62;12;2;searchStartegy;0;1;2;Pop;1;1;2;2;3;136;1;2;3;3;3;2;4;4;4;4;4;4;4
62;12;2;searchStartegy;0;1;2;Pop;1;1;2;2;3;136;1;2;3;3;3;2;4;4;2;2;3;2;2
62;12;2;searchStartegy;0;1;2;Pop;1;1;2;2;3;136;1;2;3;3;3;2;1;1;2;1;2;1;2
62;12;2;searchStartegy;0;1;2;Pop;1;1;2;2;3;136;1;2;3;3;3;2;2;2;5;3;2;4;3
62;12;2;searchStartegy;0;1;2;Pop;1;1;2;2;3;136;1;2;3;3;3;2;5;5;4;5;4;2;5
62;12;2;searchStartegy;0;1;2;Pop;1;1;2;2;3;136;1;2;3;3;3;2;4;3;3;3;4;1;5
62;12;2;searchStartegy;0;1;2;Pop;1;1;2;2;3;136;1;2;3;3;3;2;5;5;5;5;5;5;5
62;12;2;searchStartegy;0;1;2;Pop;1;1;2;2;3;136;1;2;3;3;3;2;5;5;4;4;4;5;5
62;12;2;searchStartegy;0;1;2;Pop;1;1;2;2;3;136;1;2;3;3;3;2;5;5;3;5;5;3;4
62;12;2;searchStartegy;0;1;2;Pop;1;1;2;2;3;136;1;2;3;3;3;2;4;4;3;2;3;2;5
62;12;2;searchStartegy;0;1;2;Pop;1;1;2;2;3;136;1;2;3;3;3;2;2;2;2;2;4;2;5
62;12;2;searchStartegy;0;1;2;Pop;1;1;2;2;3;136;1;2;3;3;3;2;2;4;4;3;3;2;5
62;12;2;searchStartegy;0;1;2;Pop;1;1;2;2;3;136;1;2;3;3;3;2;1;1;1;1;1;1;3
62;12;2;searchStartegy;0;1;2;Pop;1;1;2;2;3;136;1;2;3;3;3;2;4;4;3;3;4;4;4
62;12;2;searchStartegy;0;1;2;Pop;1;1;2;2;3;136;1;2;3;3;3;2;3;3;2;2;3;2;4
62;12;2;searchStartegy;0;1;2;Pop;1;1;2;2;3;136;1;2;3;3;3;2;4;3;3;4;5;2;4
62;12;2;searchStartegy;0;1;2;Pop;1;1;2;2;3;136;1;2;3;3;3;2;3;2;2;2;3;2;4
62;12;2;searchStartegy;0;1;2;Pop;1;1;2;2;3;136;1;2;3;3;3;2;3;3;3;3;3;3;5
62;12;2;searchStartegy;0;1;2;Pop;1;1;2;2;3;136;1;2;3;3;3;2;3;4;4;4;4;3;4
62;12;2;searchStartegy;0;1;2;Pop;1;1;2;2;3;136;1;2;3;3;3;2;4;5;4;4;4;2;5
62;12;2;searchStartegy;0;1;2;Pop;1;1;2;2;3;136;1;2;3;3;3;2;2;2;2;3;2;2;4
69;15;2;constraints;1;0;2;Pop;1;3;3;3;3;98;0;3;3;2;3;2;5;5;4;4;4;5;4
69;15;2;constraints;1;0;2;Pop;1;3;3;3;3;98;0;3;3;2;3;2;3;4;4;3;3;2;3
69;15;2;constraints;1;0;2;Pop;1;3;3;3;3;98;0;3;3;2;3;2;4;4;4;4;4;4;4
69;15;2;constraints;1;0;2;Pop;1;3;3;3;3;98;0;3;3;2;3;2;4;4;3;4;4;4;4
69;15;2;constraints;1;0;2;Pop;1;3;3;3;3;98;0;3;3;2;3;2;1;2;2;1;1;2;3
69;15;2;constraints;1;0;2;Pop;1;3;3;3;3;98;0;3;3;2;3;2;4;4;4;4;4;4;4
69;15;2;constraints;1;0;2;Pop;1;3;3;3;3;98;0;3;3;2;3;2;1;4;1;4;2;1;4
69;15;2;constraints;1;0;2;Pop;1;3;3;3;3;98;0;3;3;2;3;2;4;4;4;2;2;4;4
69;15;2;constraints;1;0;2;Pop;1;3;3;3;3;98;0;3;3;2;3;2;3;4;4;4;3;4;3
69;15;2;constraints;1;0;2;Pop;1;3;3;3;3;98;0;3;3;2;3;2;4;4;4;4;4;4;4
69;15;2;constraints;1;0;2;Pop;1;3;3;3;3;98;0;3;3;2;3;2;4;3;2;2;2;4;4
69;15;2;constraints;1;0;2;Pop;1;3;3;3;3;98;0;3;3;2;3;2;4;4;2;3;2;2;2
69;15;2;constraints;1;0;2;Pop;1;3;3;3;3;98;0;3;3;2;3;2;4;4;3;4;4;3;5
69;15;2;constraints;1;0;2;Pop;1;3;3;3;3;98;0;3;3;2;3;2;4;4;2;2;3;2;4
69;15;2;constraints;1;0;2;Pop;1;3;3;3;3;98;0;3;3;2;3;2;4;4;4;5;2;5;5
69;15;2;constraints;1;0;2;Pop;1;3;3;3;3;98;0;3;3;2;3;2;3;4;3;4;3;2;5
69;15;2;constraints;1;0;2;Pop;1;3;3;3;3;98;0;3;3;2;3;2;4;5;5;5;4;5;5
69;15;2;constraints;1;0;2;Pop;1;3;3;3;3;98;0;3;3;2;3;2;5;2;2;5;4;5;5
69;15;2;constraints;1;0;2;Pop;1;3;3;3;3;98;0;3;3;2;3;2;4;2;3;3;4;2;3
69;15;2;constraints;1;0;2;Pop;1;3;3;3;3;98;0;3;3;2;3;2;4;4;3;4;4;3;4
69;15;2;constraints;1;0;2;Pop;1;3;3;3;3;98;0;3;3;2;3;2;4;4;4;4;4;2;5
69;15;2;constraints;1;0;2;Pop;1;3;3;3;3;98;0;3;3;2;3;2;2;3;3;2;3;2;4
69;15;2;constraints;1;0;2;Pop;1;3;3;3;3;98;0;3;3;2;3;2;3;4;3;3;3;1;2
69;15;2;constraints;1;0;2;Pop;1;3;3;3;3;98;0;3;3;2;3;2;4;4;4;5;4;4;4
69;15;2;constraints;1;0;2;Pop;1;3;3;3;3;98;0;3;3;2;3;2;3;4;4;2;3;2;4
69;15;2;constraints;1;0;2;Pop;1;3;3;3;3;98;0;3;3;2;3;2;5;4;4;5;4;3;4
69;15;2;constraints;1;0;2;Pop;1;3;3;3;3;98;0;3;3;2;3;2;4;4;4;4;2;4;4
69;15;2;constraints;1;0;2;Pop;1;3;3;3;3;98;0;3;3;2;3;2;5;4;4;5;5;4;5
69;15;2;constraints;1;0;2;Pop;1;3;3;3;3;98;0;3;3;2;3;2;4;4;2;3;4;2;5
69;15;2;constraints;1;0;2;Pop;1;3;3;3;3;98;0;3;3;2;3;2;2;2;2;2;2;2;4
69;15;2;constraints;1;0;2;Pop;1;3;3;3;3;98;0;3;3;2;3;2;3;4;4;4;4;4;3
61;10;2;searchStartegy;1;0;3;Pop;1;3;3;3;3;159;0;3;3;2;3;2;4;5;4;5;4;4;5
61;10;2;searchStartegy;1;0;3;Pop;1;3;3;3;3;159;0;3;3;2;3;2;2;2;3;3;2;2;4
61;10;2;searchStartegy;1;0;3;Pop;1;3;3;3;3;159;0;3;3;2;3;2;4;5;3;4;3;4;3
61;10;2;searchStartegy;1;0;3;Pop;1;3;3;3;3;159;0;3;3;2;3;2;4;4;4;4;4;4;4
61;10;2;searchStartegy;1;0;3;Pop;1;3;3;3;3;159;0;3;3;2;3;2;1;3;1;2;1;2;2
61;10;2;searchStartegy;1;0;3;Pop;1;3;3;3;3;159;0;3;3;2;3;2;4;4;4;4;4;3;3
61;10;2;searchStartegy;1;0;3;Pop;1;3;3;3;3;159;0;3;3;2;3;2;1;4;1;4;2;1;5
61;10;2;searchStartegy;1;0;3;Pop;1;3;3;3;3;159;0;3;3;2;3;2;4;4;2;1;2;4;4
61;10;2;searchStartegy;1;0;3;Pop;1;3;3;3;3;159;0;3;3;2;3;2;4;4;3;5;3;4;5
61;10;2;searchStartegy;1;0;3;Pop;1;3;3;3;3;159;0;3;3;2;3;2;4;4;2;4;2;2;4
61;10;2;searchStartegy;1;0;3;Pop;1;3;3;3;3;159;0;3;3;2;3;2;4;4;4;2;4;4;4
61;10;2;searchStartegy;1;0;3;Pop;1;3;3;3;3;159;0;3;3;2;3;2;4;2;2;2;3;2;2
61;10;2;searchStartegy;1;0;3;Pop;1;3;3;3;3;159;0;3;3;2;3;2;4;3;3;5;2;4;5
61;10;2;searchStartegy;1;0;3;Pop;1;3;3;3;3;159;0;3;3;2;3;2;2;3;2;2;2;2;4
61;10;2;searchStartegy;1;0;3;Pop;1;3;3;3;3;159;0;3;3;2;3;2;5;5;5;5;2;5;5
61;10;2;searchStartegy;1;0;3;Pop;1;3;3;3;3;159;0;3;3;2;3;2;3;4;3;4;3;2;4
61;10;2;searchStartegy;1;0;3;Pop;1;3;3;3;3;159;0;3;3;2;3;2;5;5;2;5;5;5;5
61;10;2;searchStartegy;1;0;3;Pop;1;3;3;3;3;159;0;3;3;2;3;2;5;1;3;4;3;2;5
61;10;2;searchStartegy;1;0;3;Pop;1;3;3;3;3;159;0;3;3;2;3;2;5;2;4;5;4;4;4
61;10;2;searchStartegy;1;0;3;Pop;1;3;3;3;3;159;0;3;3;2;3;2;4;5;5;5;5;5;5
61;10;2;searchStartegy;1;0;3;Pop;1;3;3;3;3;159;0;3;3;2;3;2;4;4;3;1;1;1;5
61;10;2;searchStartegy;1;0;3;Pop;1;3;3;3;3;159;0;3;3;2;3;2;4;4;4;4;3;3;4
61;10;2;searchStartegy;1;0;3;Pop;1;3;3;3;3;159;0;3;3;2;3;2;4;2;2;2;3;2;4
61;10;2;searchStartegy;1;0;3;Pop;1;3;3;3;3;159;0;3;3;2;3;2;4;3;4;3;4;3;4
61;10;2;searchStartegy;1;0;3;Pop;1;3;3;3;3;159;0;3;3;2;3;2;3;4;3;2;3;2;4
61;10;2;searchStartegy;1;0;3;Pop;1;3;3;3;3;159;0;3;3;2;3;2;5;4;4;4;5;2;5
61;10;2;searchStartegy;1;0;3;Pop;1;3;3;3;3;159;0;3;3;2;3;2;4;4;4;3;2;4;4
61;10;2;searchStartegy;1;0;3;Pop;1;3;3;3;3;159;0;3;3;2;3;2;4;3;4;4;4;4;5
61;10;2;searchStartegy;1;0;3;Pop;1;3;3;3;3;159;0;3;3;2;3;2;2;2;4;4;4;4;5
61;10;2;searchStartegy;1;0;3;Pop;1;3;3;3;3;159;0;3;3;2;3;2;1;2;2;2;4;2;4
61;10;2;searchStartegy;1;0;3;Pop;1;3;3;3;3;159;0;3;3;2;3;2;4;2;3;2;2;3;4
104;15;3;constraints;1;1;3;Electronic;1;2;1;3;3;150;0;3;3;2;3;2;4;5;5;5;5;5;3
104;15;3;constraints;1;1;3;Electronic;1;2;1;3;3;150;0;3;3;2;3;2;2;3;3;2;2;2;3
104;15;3;constraints;1;1;3;Electronic;1;2;1;3;3;150;0;3;3;2;3;2;4;3;3;3;4;4;4
104;15;3;constraints;1;1;3;Electronic;1;2;1;3;3;150;0;3;3;2;3;2;2;2;2;2;2;2;2
104;15;3;constraints;1;1;3;Electronic;1;2;1;3;3;150;0;3;3;2;3;2;3;4;1;4;2;4;4
104;15;3;constraints;1;1;3;Electronic;1;2;1;3;3;150;0;3;3;2;3;2;4;3;3;3;4;3;4
104;15;3;constraints;1;1;3;Electronic;1;2;1;3;3;150;0;3;3;2;3;2;1;4;2;4;3;1;5
104;15;3;constraints;1;1;3;Electronic;1;2;1;3;3;150;0;3;3;2;3;2;4;4;2;2;2;2;2
104;15;3;constraints;1;1;3;Electronic;1;2;1;3;3;150;0;3;3;2;3;2;3;4;4;3;4;4;2
104;15;3;constraints;1;1;3;Electronic;1;2;1;3;3;150;0;3;3;2;3;2;4;4;4;2;4;2;2
104;15;3;constraints;1;1;3;Electronic;1;2;1;3;3;150;0;3;3;2;3;2;4;4;4;3;4;4;4
104;15;3;constraints;1;1;3;Electronic;1;2;1;3;3;150;0;3;3;2;3;2;2;3;2;2;3;1;2
104;15;3;constraints;1;1;3;Electronic;1;2;1;3;3;150;0;3;3;2;3;2;4;3;3;2;3;2;4
104;15;3;constraints;1;1;3;Electronic;1;2;1;3;3;150;0;3;3;2;3;2;4;4;2;2;3;4;3
104;15;3;constraints;1;1;3;Electronic;1;2;1;3;3;150;0;3;3;2;3;2;5;5;5;5;4;5;5
104;15;3;constraints;1;1;3;Electronic;1;2;1;3;3;150;0;3;3;2;3;2;3;4;3;2;2;2;4
104;15;3;constraints;1;1;3;Electronic;1;2;1;3;3;150;0;3;3;2;3;2;5;5;5;5;5;4;5
104;15;3;constraints;1;1;3;Electronic;1;2;1;3;3;150;0;3;3;2;3;2;3;1;4;4;4;2;5
104;15;3;constraints;1;1;3;Electronic;1;2;1;3;3;150;0;3;3;2;3;2;5;4;3;4;4;4;2
104;15;3;constraints;1;1;3;Electronic;1;2;1;3;3;150;0;3;3;2;3;2;3;4;4;4;3;3;4
104;15;3;constraints;1;1;3;Electronic;1;2;1;3;3;150;0;3;3;2;3;2;4;4;4;2;4;2;5
104;15;3;constraints;1;1;3;Electronic;1;2;1;3;3;150;0;3;3;2;3;2;3;4;4;4;4;3;4
104;15;3;constraints;1;1;3;Electronic;1;2;1;3;3;150;0;3;3;2;3;2;2;4;4;3;4;4;3
104;15;3;constraints;1;1;3;Electronic;1;2;1;3;3;150;0;3;3;2;3;2;5;5;4;5;5;5;4
104;15;3;constraints;1;1;3;Electronic;1;2;1;3;3;150;0;3;3;2;3;2;3;4;4;2;4;2;4
104;15;3;constraints;1;1;3;Electronic;1;2;1;3;3;150;0;3;3;2;3;2;5;5;4;5;5;4;3
104;15;3;constraints;1;1;3;Electronic;1;2;1;3;3;150;0;3;3;2;3;2;4;4;4;4;4;4;4
104;15;3;constraints;1;1;3;Electronic;1;2;1;3;3;150;0;3;3;2;3;2;5;5;4;5;5;5;5
104;15;3;constraints;1;1;3;Electronic;1;2;1;3;3;150;0;3;3;2;3;2;1;2;2;2;4;2;5
104;15;3;constraints;1;1;3;Electronic;1;2;1;3;3;150;0;3;3;2;3;2;4;5;4;3;2;2;4
104;15;3;constraints;1;1;3;Electronic;1;2;1;3;3;150;0;3;3;2;3;2;4;5;5;5;4;4;4
53;6;2;constraints;1;0;3;Pop;2;3;3;2;3;103;0;3;3;2;3;2;5;5;5;5;5;5;5
53;6;2;constraints;1;0;3;Pop;2;3;3;2;3;103;0;3;3;2;3;2;4;4;2;4;2;2;4
53;6;2;constraints;1;0;3;Pop;2;3;3;2;3;103;0;3;3;2;3;2;3;5;5;4;5;5;4
53;6;2;constraints;1;0;3;Pop;2;3;3;2;3;103;0;3;3;2;3;2;2;2;2;2;2;2;2
53;6;2;constraints;1;0;3;Pop;2;3;3;2;3;103;0;3;3;2;3;2;1;5;3;4;3;5;5
53;6;2;constraints;1;0;3;Pop;2;3;3;2;3;103;0;3;3;2;3;2;4;4;4;4;4;4;4
53;6;2;constraints;1;0;3;Pop;2;3;3;2;3;103;0;3;3;2;3;2;1;2;1;2;1;1;5
53;6;2;constraints;1;0;3;Pop;2;3;3;2;3;103;0;3;3;2;3;2;4;4;2;4;2;5;5
53;6;2;constraints;1;0;3;Pop;2;3;3;2;3;103;0;3;3;2;3;2;2;4;2;2;2;4;4
53;6;2;constraints;1;0;3;Pop;2;3;3;2;3;103;0;3;3;2;3;2;2;2;2;2;4;2;4
53;6;2;constraints;1;0;3;Pop;2;3;3;2;3;103;0;3;3;2;3;2;2;2;2;2;2;2;2
53;6;2;constraints;1;0;3;Pop;2;3;3;2;3;103;0;3;3;2;3;2;4;4;2;3;3;4;4
53;6;2;constraints;1;0;3;Pop;2;3;3;2;3;103;0;3;3;2;3;2;5;4;3;4;4;4;5
53;6;2;constraints;1;0;3;Pop;2;3;3;2;3;103;0;3;3;2;3;2;5;4;2;3;4;3;4
53;6;2;constraints;1;0;3;Pop;2;3;3;2;3;103;0;3;3;2;3;2;5;5;5;5;4;5;5
53;6;2;constraints;1;0;3;Pop;2;3;3;2;3;103;0;3;3;2;3;2;4;4;3;4;3;1;4
53;6;2;constraints;1;0;3;Pop;2;3;3;2;3;103;0;3;3;2;3;2;5;5;5;5;2;5;5
53;6;2;constraints;1;0;3;Pop;2;3;3;2;3;103;0;3;3;2;3;2;5;5;4;5;5;2;5
53;6;2;constraints;1;0;3;Pop;2;3;3;2;3;103;0;3;3;2;3;2;5;4;4;5;4;3;5
53;6;2;constraints;1;0;3;Pop;2;3;3;2;3;103;0;3;3;2;3;2;5;5;5;5;5;5;5
53;6;2;constraints;1;0;3;Pop;2;3;3;2;3;103;0;3;3;2;3;2;4;4;4;4;2;2;5
53;6;2;constraints;1;0;3;Pop;2;3;3;2;3;103;0;3;3;2;3;2;4;4;3;2;2;2;4
53;6;2;constraints;1;0;3;Pop;2;3;3;2;3;103;0;3;3;2;3;2;4;4;4;3;3;4;5
53;6;2;constraints;1;0;3;Pop;2;3;3;2;3;103;0;3;3;2;3;2;3;3;3;2;2;2;4
53;6;2;constraints;1;0;3;Pop;2;3;3;2;3;103;0;3;3;2;3;2;4;4;4;2;3;2;4
53;6;2;constraints;1;0;3;Pop;2;3;3;2;3;103;0;3;3;2;3;2;5;5;2;5;5;2;5
53;6;2;constraints;1;0;3;Pop;2;3;3;2;3;103;0;3;3;2;3;2;4;4;4;4;4;4;4
53;6;2;constraints;1;0;3;Pop;2;3;3;2;3;103;0;3;3;2;3;2;4;5;4;5;4;4;5
53;6;2;constraints;1;0;3;Pop;2;3;3;2;3;103;0;3;3;2;3;2;5;1;4;4;3;4;5
53;6;2;constraints;1;0;3;Pop;2;3;3;2;3;103;0;3;3;2;3;2;5;5;2;2;2;2;3
53;6;2;constraints;1;0;3;Pop;2;3;3;2;3;103;0;3;3;2;3;2;3;4;4;3;3;4;4
79;7;1;constraints;0;0;3;Pop;1;3;3;2;3;118;1;3;3;2;3;1;5;5;5;5;5;5;5
79;7;1;constraints;0;0;3;Pop;1;3;3;2;3;118;1;3;3;2;3;1;3;4;2;2;2;2;2
79;7;1;constraints;0;0;3;Pop;1;3;3;2;3;118;1;3;3;2;3;1;5;5;4;5;5;4;3
79;7;1;constraints;0;0;3;Pop;1;3;3;2;3;118;1;3;3;2;3;1;4;4;4;5;4;4;4
79;7;1;constraints;0;0;3;Pop;1;3;3;2;3;118;1;3;3;2;3;1;3;4;2;4;2;3;4
79;7;1;constraints;0;0;3;Pop;1;3;3;2;3;118;1;3;3;2;3;1;3;4;4;3;4;3;4
79;7;1;constraints;0;0;3;Pop;1;3;3;2;3;118;1;3;3;2;3;1;1;2;1;3;1;1;5
79;7;1;constraints;0;0;3;Pop;1;3;3;2;3;118;1;3;3;2;3;1;4;4;4;2;4;4;4
79;7;1;constraints;0;0;3;Pop;1;3;3;2;3;118;1;3;3;2;3;1;2;3;3;2;2;3;4
79;7;1;constraints;0;0;3;Pop;1;3;3;2;3;118;1;3;3;2;3;1;4;4;2;4;4;4;4
79;7;1;constraints;0;0;3;Pop;1;3;3;2;3;118;1;3;3;2;3;1;4;4;3;2;3;3;4
79;7;1;constraints;0;0;3;Pop;1;3;3;2;3;118;1;3;3;2;3;1;2;2;3;2;3;1;2
79;7;1;constraints;0;0;3;Pop;1;3;3;2;3;118;1;3;3;2;3;1;4;4;4;3;4;3;5
79;7;1;constraints;0;0;3;Pop;1;3;3;2;3;118;1;3;3;2;3;1;5;5;4;4;4;3;5
79;7;1;constraints;0;0;3;Pop;1;3;3;2;3;118;1;3;3;2;3;1;4;5;5;4;5;2;4
79;7;1;constraints;0;0;3;Pop;1;3;3;2;3;118;1;3;3;2;3;1;3;3;3;3;3;3;3
79;7;1;constraints;0;0;3;Pop;1;3;3;2;3;118;1;3;3;2;3;1;5;5;4;5;4;4;5
79;7;1;constraints;0;0;3;Pop;1;3;3;2;3;118;1;3;3;2;3;1;5;5;4;5;5;5;5
79;7;1;constraints;0;0;3;Pop;1;3;3;2;3;118;1;3;3;2;3;1;5;4;2;4;4;2;5
79;7;1;constraints;0;0;3;Pop;1;3;3;2;3;118;1;3;3;2;3;1;4;4;4;5;4;4;3
79;7;1;constraints;0;0;3;Pop;1;3;3;2;3;118;1;3;3;2;3;1;4;4;4;1;5;1;5
79;7;1;constraints;0;0;3;Pop;1;3;3;2;3;118;1;3;3;2;3;1;4;4;4;4;4;4;4
79;7;1;constraints;0;0;3;Pop;1;3;3;2;3;118;1;3;3;2;3;1;4;2;3;4;4;3;5
79;7;1;constraints;0;0;3;Pop;1;3;3;2;3;118;1;3;3;2;3;1;4;4;4;4;4;4;4
79;7;1;constraints;0;0;3;Pop;1;3;3;2;3;118;1;3;3;2;3;1;4;4;3;2;4;2;4
79;7;1;constraints;0;0;3;Pop;1;3;3;2;3;118;1;3;3;2;3;1;5;2;4;2;4;2;4
79;7;1;constraints;0;0;3;Pop;1;3;3;2;3;118;1;3;3;2;3;1;4;4;4;5;4;4;4
79;7;1;constraints;0;0;3;Pop;1;3;3;2;3;118;1;3;3;2;3;1;5;3;3;3;4;4;4
79;7;1;constraints;0;0;3;Pop;1;3;3;2;3;118;1;3;3;2;3;1;4;1;4;2;2;2;5
79;7;1;constraints;0;0;3;Pop;1;3;3;2;3;118;1;3;3;2;3;1;4;5;4;3;4;2;4
79;7;1;constraints;0;0;3;Pop;1;3;3;2;3;118;1;3;3;2;3;1;3;4;4;4;4;4;4